{
    "AWSTemplateFormatVersion": "2010-09-09",
    "Metadata": {
        "AWS::CloudFormation::Designer": {
            "31edd82e-e2bb-4389-8e37-632398e0f98d": {
                "size": {
                    "width": 60,
                    "height": 60
                },
                "position": {
                    "x": 473.6666666666667,
                    "y": 181.66666666666666
                },
                "z": 0,
                "embeds": []
            },
            "e62c4fed-68c6-4381-b730-bfd4a617ce6d": {
                "size": {
                    "width": 60,
                    "height": 60
                },
                "position": {
                    "x": 670,
                    "y": 210
                },
                "z": 0
            },
            "dd304208-975c-463e-8ebc-77d1840b6e62": {
                "size": {
                    "width": 60,
                    "height": 60
                },
                "position": {
                    "x": 670,
                    "y": 300
                },
                "z": 0,
                "isassociatedwith": [
                    "e62c4fed-68c6-4381-b730-bfd4a617ce6d"
                ]
            },
            "048e7b0b-f1ce-4f2e-ae18-9631868454da": {
                "size": {
                    "width": 60,
                    "height": 60
                },
                "position": {
                    "x": 670,
                    "y": 380
                },
                "z": 0,
                "isassociatedwith": [
                    "dd304208-975c-463e-8ebc-77d1840b6e62"
                ]
            },
            "5b2de1e9-baeb-44f7-9101-c66500cc280f": {
                "source": {
                    "id": "dd304208-975c-463e-8ebc-77d1840b6e62"
                },
                "target": {
                    "id": "e62c4fed-68c6-4381-b730-bfd4a617ce6d"
                },
                "z": 1
            },
            "47091cb3-6057-4fee-9991-d6992fc30565": {
                "source": {
                    "id": "048e7b0b-f1ce-4f2e-ae18-9631868454da"
                },
                "target": {
                    "id": "dd304208-975c-463e-8ebc-77d1840b6e62"
                },
                "z": 2
            }
        }
    },
    "Resources": {
        "ELBV2LB4POL4": {
            "Type": "AWS::ElasticLoadBalancingV2::LoadBalancer",
            "Properties": {},
            "Metadata": {
                "AWS::CloudFormation::Designer": {
                    "id": "31edd82e-e2bb-4389-8e37-632398e0f98d"
                }
            }
        },
        "ASLC2MXU2": {
            "Type": "AWS::AutoScaling::LaunchConfiguration",
            "Properties": {},
            "Metadata": {
                "AWS::CloudFormation::Designer": {
                    "id": "e62c4fed-68c6-4381-b730-bfd4a617ce6d"
                }
            }
        },
        "ASASG1TQP": {
            "Type": "AWS::AutoScaling::AutoScalingGroup",
            "Properties": {
                "LaunchConfigurationName": {
                    "Ref": "ASLC2MXU2"
                }
            },
            "Metadata": {
                "AWS::CloudFormation::Designer": {
                    "id": "dd304208-975c-463e-8ebc-77d1840b6e62"
                }
            }
        },
        "ASSPABK1": {
            "Type": "AWS::AutoScaling::ScalingPolicy",
            "Properties": {
                "AutoScalingGroupName": {
                    "Ref": "ASASG1TQP"
                }
            },
            "Metadata": {
                "AWS::CloudFormation::Designer": {
                    "id": "048e7b0b-f1ce-4f2e-ae18-9631868454da"
                }
            }
        }
    }
}